{
    "overall_metrics": {
        "accuracy": 0.894905,
        "roc_auc": 0.8911393067435522
    },
    "global_metrics": {
        "precision": 0.7794239822763778,
        "recall": 0.5097654481238869,
        "f1_score": 0.6163926048947859
    },
    "confusion_matrix": {
        "actual_not_higgs": {
            "pred_not_higgs": 162094,
            "pred_higgs": 4779
        },
        "actual_higgs": {
            "pred_not_higgs": 16240,
            "pred_higgs": 16887
        }
    },
    "classification_report": "              precision    recall  f1-score   support\n\n   Not Higgs       0.91      0.97      0.94    166873\n       Higgs       0.78      0.51      0.62     33127\n\n    accuracy                           0.89    200000\n   macro avg       0.84      0.74      0.78    200000\nweighted avg       0.89      0.89      0.89    200000\n"
}